{
  "devData": [
    {
      "devType": 0,
      "currentPack": 1,
      "totalPack": 1,
      "devName": "ems",
      "devId": 1,
      "sn": "48ed92f885f74626",
      "data": {
        "ems_0": 0,
        "ems_1": 3.3578771738510387,
        "ems_2": 0.44384757033031941,
        "ems_3": 3997796,
        "ems_4": 38.046963877096282,
        "ems_5": 0.1512833571297785,
        "ems_6": 0,
        "ems_7": 0,
        "ems_8": 0,
        "ems_9": 0,
        "ems_10": 0,
        "ems_11": 0,
        "ems_12": 0,
        "ems_48": 0,
        "ems_49": 0,
        "ems_50": 0,
        "ems_51": 0,
        "ems_52": 0,
        "ems_98": 1,
        "ems_99": 1,
        "ems_100": 1,
        "ems_101": 1,
        "ems_102": 2,
        "ems_103": 1,
        "ems_104": 1,
        "ems_105": 1,
        "ems_106": 1,
        "ems_107": 1,
        "ems_108": 1,
        "ems_109": 1,
        "ems_110": 1,
        "ems_111": 1,
        "ems_112": 1,
        "ems_113": 1,
        "ems_114": 1
      }
    }
  ],
  "timeStamp": 1748875796,
  "emsSn": "emssn12345678"
}