{
  "timeStamp": 1735631503,
  "devData": [
    {
      "devType": "3",
      "devName": "duikong001",
      "devId": "3001",
      "sn": "3001",
      "data": {
        "duikong001_0": 1,
        "duikong001_1": 1,
        "duikong001_2": 19.44290343,
        "duikong001_3": 18.79208128,
        "duikong001_4": 17.61862571,
        "duikong001_5": 17.16910882,
        "duikong001_6": 12.61079204,
        "duikong001_7": 13.10838942,
        "duikong001_8": 13.24310965,
        "duikong001_9": 10.06330199,
        "duikong001_10": 15.93491205,
        "duikong001_11": 10.18822103,
        "duikong001_12": 13.69753393,
        "duikong001_13": 16.6809361,
        "duikong001_14": 11.83034548,
        "duikong001_15": 11.39941424,
        "duikong001_16": 12.44632747,
        "duikong001_17": 17.95094259,
        "duikong001_18": 14.70987476,
        "duikong001_19": 19.5129922,
        "duikong001_20": 14.56812021,
        "duikong001_21": 15.36253002,
        "duikong001_22": 19.37660903,
        "duikong001_23": 17.84809368,
        "duikong001_24": 16.84829279,
        "duikong001_25": 10.44517647,
        "duikong001_26": 10.10663318,
        "duikong001_27": 17.22376818,
        "duikong001_28": 17.03787223,
        "duikong001_29": 11.7643236,
        "duikong001_30": 12.84034146,
        "duikong001_31": 17.91093174,
        "duikong001_32": 11.02867662,
        "duikong001_33": 19.99177003,
        "duikong001_34": 11.71072658,
        "duikong001_35": 16.23521141,
        "duikong001_36": 10.66170453,
        "duikong001_37": 12.88078345,
        "duikong001_38": 13.74212037,
        "duikong001_39": 17.50444091,
        "duikong001_40": 14.43562928,
        "duikong001_41": 15.32605094,
        "duikong001_42": 16.91933087,
        "duikong001_43": 18.00685704,
        "duikong001_44": 17.97685005,
        "duikong001_45": 18.85630003,
        "duikong001_46": 17.99003113,
        "duikong001_47": 14.98587793,
        "duikong001_48": 18.3256051,
        "duikong001_49": 14.46025939
      }
    },
    {
      "devType": "3",
      "devName": "duikong002",
      "devId": "3002",
      "sn": "3002",
      "data": {
        "duikong002_0": 1,
        "duikong002_1": 1,
        "duikong002_2": 14.97476335,
        "duikong002_3": 13.57324291,
        "duikong002_4": 18.08035,
        "duikong002_5": 19.64984917,
        "duikong002_6": 18.93982156,
        "duikong002_7": 14.56371471,
        "duikong002_8": 16.70627125,
        "duikong002_9": 10.89874602,
        "duikong002_10": 14.49589164,
        "duikong002_11": 16.74770306,
        "duikong002_12": 13.74400219,
        "duikong002_13": 12.24295029,
        "duikong002_14": 13.90556147,
        "duikong002_15": 12.28404418,
        "duikong002_16": 11.93704111,
        "duikong002_17": 16.57088464,
        "duikong002_18": 17.2497803,
        "duikong002_19": 18.44386858,
        "duikong002_20": 15.75079623,
        "duikong002_21": 16.61702784,
        "duikong002_22": 18.65854144,
        "duikong002_23": 15.10989856,
        "duikong002_24": 15.45236176,
        "duikong002_25": 11.61589736,
        "duikong002_26": 13.93255261,
        "duikong002_27": 18.79294889,
        "duikong002_28": 18.92236879,
        "duikong002_29": 13.97677267,
        "duikong002_30": 10.79939982,
        "duikong002_31": 12.74508818,
        "duikong002_32": 16.18512929,
        "duikong002_33": 14.02530473,
        "duikong002_34": 16.84473428,
        "duikong002_35": 18.06735975,
        "duikong002_36": 18.74074613,
        "duikong002_37": 15.25773487,
        "duikong002_38": 16.81178295,
        "duikong002_39": 14.64872727,
        "duikong002_40": 10.99089072,
        "duikong002_41": 14.40412461,
        "duikong002_42": 16.54046456,
        "duikong002_43": 15.07811764,
        "duikong002_44": 17.77234064,
        "duikong002_45": 14.07708417,
        "duikong002_46": 16.26891877,
        "duikong002_47": 18.95374656,
        "duikong002_48": 14.71340158,
        "duikong002_49": 10.18985355
      }
    },
    {
      "devType": "3",
      "devName": "duikong003",
      "devId": "3003",
      "sn": "3003",
      "data": {
        "duikong003_0": 1,
        "duikong003_1": 1,
        "duikong003_2": 11.01890068,
        "duikong003_3": 19.26177065,
        "duikong003_4": 17.41733993,
        "duikong003_5": 10.25015296,
        "duikong003_6": 16.22834517,
        "duikong003_7": 16.58221188,
        "duikong003_8": 18.46485361,
        "duikong003_9": 14.2978209,
        "duikong003_10": 13.96108193,
        "duikong003_11": 12.35515241,
        "duikong003_12": 12.48220114,
        "duikong003_13": 11.37487861,
        "duikong003_14": 11.65673513,
        "duikong003_15": 10.33664754,
        "duikong003_16": 12.21677531,
        "duikong003_17": 11.2401553,
        "duikong003_18": 13.79831629,
        "duikong003_19": 19.81994226,
        "duikong003_20": 18.77988224,
        "duikong003_21": 16.99397027,
        "duikong003_22": 18.08221849,
        "duikong003_23": 16.29397923,
        "duikong003_24": 18.73982719,
        "duikong003_25": 10.28534416,
        "duikong003_26": 17.80808188,
        "duikong003_27": 13.25279371,
        "duikong003_28": 19.92583564,
        "duikong003_29": 17.68533816,
        "duikong003_30": 18.99293601,
        "duikong003_31": 15.27856432,
        "duikong003_32": 14.04161244,
        "duikong003_33": 13.48162527,
        "duikong003_34": 18.18051318,
        "duikong003_35": 15.93966649,
        "duikong003_36": 16.49857383,
        "duikong003_37": 11.57242973,
        "duikong003_38": 10.60388606,
        "duikong003_39": 17.24083267,
        "duikong003_40": 17.89993131,
        "duikong003_41": 18.90983045,
        "duikong003_42": 16.27281918,
        "duikong003_43": 17.86010748,
        "duikong003_44": 14.40516376,
        "duikong003_45": 11.553889,
        "duikong003_46": 13.42121673,
        "duikong003_47": 17.93465506,
        "duikong003_48": 18.20730357,
        "duikong003_49": 12.69809835
      }
    },
    {
      "devType": "2",
      "devName": "chunengbiao001",
      "devId": "2001",
      "sn": "2001",
      "data": {
        "dianbiao001_0": 1,
        "dianbiao001_1": 1,
        "dianbiao001_14": 14.4
      }
    },
    {
      "devType": "2",
      "devName": "chunengbiao002",
      "devId": "2002",
      "sn": "2002",
      "data": {
        "dianbiao001_0": 1,
        "dianbiao001_1": 1,
        "dianbiao001_14": 14.42
      }
    },
    {
      "devType": "2",
      "devName": "chunengbiao003",
      "devId": "2003",
      "sn": "2003",
      "data": {
        "dianbiao001_0": 1,
        "dianbiao001_1": 1,
        "dianbiao001_14": 14.423
      }
    },
    {
      "devType": "1",
      "devName": "guankoubiao001",
      "devId": "001001",
      "sn": "001001",
      "data": {
        "guankoubiao001_0": 1,
        "guankoubiao001_1": 1,
        "guankoubiao001_2": 18.79691009,
        "guankoubiao001_3": 16.07933479,
        "guankoubiao001_4": 10.04556612,
        "guankoubiao001_5": 18.63266534,
        "guankoubiao001_6": 17.76577103,
        "guankoubiao001_7": 17.59083794,
        "guankoubiao001_8": 14.9321965,
        "guankoubiao001_9": 14.27733483,
        "guankoubiao001_10": 11.5922372,
        "guankoubiao001_11": 17.66936242,
        "guankoubiao001_12": 15.90133217,
        "guankoubiao001_13": 18.98716353,
        "guankoubiao001_14": 12.0849151,
        "guankoubiao001_15": 10.84745558,
        "guankoubiao001_16": 15.32282602,
        "guankoubiao001_17": 14.60514212,
        "guankoubiao001_18": 17.59310037,
        "guankoubiao001_19": 18.51160687,
        "guankoubiao001_20": 11.80288259,
        "guankoubiao001_21": 17.51973714,
        "guankoubiao001_22": 10.50177723,
        "guankoubiao001_23": 12.14328881,
        "guankoubiao001_24": 15.5642051,
        "guankoubiao001_25": 14.58490597,
        "guankoubiao001_26": 14.50794275,
        "guankoubiao001_27": 18.55637882,